Quarter,Department,Budget_Allocated,Actual_Spend,Variance_Pct,Status
Q1-2025,Engineering,450000,432000,-4.0,Under Budget
Q1-2025,Design,120000,118500,-1.2,Under Budget
Q1-2025,Marketing,250000,268000,7.2,Over Budget
Q2-2025,Engineering,520000,510000,-1.9,Under Budget
Q2-2025,Design,140000,139200,-0.6,On Track
Q2-2025,Marketing,310000,325000,4.8,Over Budget
Q3-2025,Engineering,600000,592000,-1.3,Under Budget
Q3-2025,Design,160000,158000,-1.2,Under Budget
Q3-2025,Marketing,380000,379000,-0.3,On Track
